Genetic ID,Political Entity,Locality,Molecular Sex,Master ID,World Zone,Y haplogroup,mt haplogroup																						
Ne30_genotyping_noUDG,China,Nepal	 Kathmandu,M,NE30,Asia (E),C,D4m																					
Aconcagua_noUDG.SG,Argentina,Cerro Aconcagua	 Mendoza Province,M,Aconcagua,America (S),Q-M3,C1bi 																					
I1407,Armenia,Areni 1,M,I1407,Europe (E),L1a,H																						
XAR001,Botswana,Xaro,M,XAR001,Africa (SC),E1b1a1a1c1a,L3e1a2																						
I16444,Channel Islands,Channel Islands	 Guernsey	 Vale	 Le DÃ©hus,M,I16444,Europe (W),I2a1a2,J1c1b1																			
NE56_noUDG,China,Amur River Basin,M,NE56,Asia (E),C2,G2																						
CAO011,Cuba,Matanzas City	 Canimar Abajo,M,CAO011,America (C),Q1b1a1a1,D1																					
CAO014,Cuba,Matanzas City	 Canimar Abajo,M,CAO014,America (C),Q1b1a1a1,D1																					
CAO017,Cuba,Matanzas City	 Canimar Abajo,M,CAO017,America (C),Q1b1a2,..																					
CAO022026,Cuba,Matanzas City	 Canimar Abajo,M,CAO022026,America (C),Q1b1a1a1,C																					
CAO023025,Cuba,Matanzas City	 Canimar Abajo,M,CAO023025,America (C),Q1b1a1a1,D1																					
CAO024,Cuba,Matanzas City	 Canimar Abajo,M,CAO024,America (C),Q1b1a1a1,D1																					
CAO027,Cuba,Matanzas City	 Canimar Abajo,M,CAO027,America (C),Q1b1a1a1,D1																					
CAO028,Cuba,Matanzas City	 Canimar Abajo,M,CAO028,America (C),Q1b1a2,D1																					
CAO029,Cuba,Matanzas City	 Canimar Abajo,M,CAO029,America (C),Q1b1a1a1,C																					
CUC002,Cuba,Matanzas Province	 Cardenas	 Cueva Calero ,M,CUC002,America (C),Q1b1a1a1,A2																				
CDE001,Cuba,CamaguÌˆey	 Sierra de Cubitas	 Cueva de los Esqueletos 1,M,CDE001,America (C),Q1b1a1a1,B2																				
CDE003,Cuba,CamaguÌˆey	 Sierra de Cubitas	 Cueva de los Esqueletos 1,M,CDE003,America (C),Q1b1a1a1,C1d1																				
CDE005,Cuba,CamaguÌˆey	 Sierra de Cubitas	 Cueva de los Esqueletos 1,M,CDE005,America (C),Q1b1a1a1,C1b2																				
GUY001,Cuba,Matanzas province	 CieÌnaga de Zapata	 Guayabo Blanco,M,GUY001,America (C),Q1b1a1a1,D1																				
GUY002,Cuba,Matanzas province	 CieÌnaga de Zapata	 Guayabo Blanco,M,GUY002,America (C),Q1b1a2,A2																				
PDM004,Cuba,Granma province	 Rio Cauto Basin	 Playa del Mango,M,PDM004,America (C),Q1b1a1a1,C1d1																				
I4889,Czech Republic,Prague 8	 Kobylisy	 Ke StÃ­rce Street,M,I4889,Europe (C),R1b1a1b1a1a2b1,U4a																				
BNL002,Czech Republic,Bohemia	 BrandÃ½s nad Labem,M,BNL002,Europe (C),I2a2,U5a1c1																					
BNL003,Czech Republic,Bohemia	 BrandÃ½s nad Labem,M,BNL003,Europe (C),I2a2,U5b2a2a																					
PDA002,Czech Republic,Bohemia	 Praha-ÄŽÃ¡blice,M,PDA002,Europe (C),I2a2,U5a1b1																					
PDA005,Czech Republic,Bohemia	 Praha-ÄŽÃ¡blice,M,PDA005,Europe (C),I2a2,X2c1																					
TOU001,Czech Republic,Bohemia	 TouÅ¡eÅˆ,M,TOU001,Europe (C),G2a2,HV0a																					
VPR001,Czech Republic,Bohemia	 VelkÃ© PÅ™Ã­lepy,M,VPR001,Europe (C),G2a2,U5a2d																					
VK70_noUDG.SG,Denmark,Sealand	 Tollemosegard,M,VK70,Europe (N),I1a1b1a1,H7d4																					
VK521_noUDG.SG,Denmark,Sealand	 Brondsager Torsiinre,M,VK521,Europe (N),I1a2a2a,H16b																					
VK532_noUDG.SG,Denmark,Sealand	 Kragehave Odetofter,M,VK532,Europe (N),I1a2a,U2e2a1a																					
VK274_noUDG.SG,Denmark,Langeland	 Kaagarden,M,VK274,Europe (N),R1a1a1b1a2b3a,T2b+152																					
VK279_noUDG.SG,Denmark,Funen	 Galgedil,M,VK279,Europe (N),I1a1b,I4a																					
VK281_noUDG.SG,Denmark,Sealand	 Borse,M,VK281,Europe (N),I1a1b1a1,T2																					
VK290_noUDG.SG,Denmark,Langeland	 Kumle hoje,M,VK290,Europe (N),R1b1a1b1a1a1c2b1b3b,I1a1																					
VK316_noUDG.SG,Denmark,Funen	 Hessum,M,VK316,Europe (N),I1,K1a4																					
VK320_noUDG.SG,Denmark,Langeland	 Bogevej,M,VK320,Europe (N),I1a1b,U5a1a1																					
VK323_noUDG.SG,Denmark,Jutland	 Ribe,M,VK323,Europe (N),R1b1a1b1a1a1c1a2b1,K2a6																					
VK324_noUDG.SG,Denmark,Jutland	 Ribe,M,VK324,Europe (N),R1b1a1b1a1a1c2b1b4,N1a1a1a2																					
VK363_noUDG.SG,Denmark,Langeland	 Bogevej,M,VK363,Europe (N),I1a2a1a1a,U4b1a1a1																					
VK445_noUDG.SG,Denmark,Sealand	 Gl. Lejre,M,VK445,Europe (N),I1a2a2,U3b																					
VK446_noUDG.SG,Denmark,Funen	 Galgedil,M,VK446,Europe (N),I1a2a2,U5a1a1+16362																					
VK87_noUDG.SG,Denmark,Jutland	 Hesselbjerg,M,VK87,Europe (N),R1b1a1b1a1a2a1b1a,K1c2																					
KPN011.A_noUDG,Denmark,Zealand	 Kopenhagen,M,KPN011,Europe (N),G2a2b2a1a1b1a,H6a1a																					
I2445,United Kingdom,England	 Oxfordshire	 Yarnton,M,I2445,Europe (W),R1b1a1b1a1a2c1,X2b6																				
I2447,United Kingdom,England	 Oxfordshire	 Yarnton,M,I2447,Europe (W),R1b1a1b1a1a2c1,K1a26																				
I2452,United Kingdom,England	 South Derbyshire	 Willington	 Dairy Farm,M,I2452,Europe (W),R1b1a1b1a1a2c1,H1e1a																			
I3256,United Kingdom,England	 Cambridgeshire	 Trumpington Meadows,M,I3256,Europe (W),R1b1a1b1a1a2c1,T2b																				
I4950,United Kingdom,England	 Wiltshire	 Upavon	 RFC Central Flying School,M,I4950,Europe (W),R1b1a1b1a1a2c1,U5a2d1																			
I5513,United Kingdom,England	 North Ablington	 Figheldean,M,I5513,Europe (W),R1b1a1b1a1a2c1,V																				
I6775,United Kingdom,England	 Somerset	 Stogursey	 Wick Barrow,M,I6775,Europe (W),R1b1a1b1a1a2c1,H1																			
I1767,United Kingdom,England	  County Durham	 Stockton-on-Tees	 Windmill Fields,M,I1767,Europe (W),I2a1b1a1a1,U5a1a1																			
I5379,United Kingdom,England	 Dorset	 Sixpenny Handley	 Canada Farm,M,I5379,Europe (W),R1b1a1b1a1a2c1,HV0+195																			
I2417,United Kingdom,England	 Wiltshire	 Amesbury Down,M,I2417,Europe (W),R1b1a1b1a1a2c1,J1c																				
I6680,United Kingdom,England	 Northumberland	 Low Hauxley,M,I6680,Europe (W),R1b1a1b1a1a2c1,H1+16189																				
I14553,United Kingdom,England	 Sussex	 Brighton	 Roedean Crescent,M,I14553,Europe (W),R1b1a1b1a1a2c1,H5c																			
I18606,United Kingdom,England	 East Riding of Yorkshire	 Thornholme	 East Coast Pipeline (field 10),M,I18606,Europe (W),R1b1a1b1a1a2c1,K1b1a1																			
I2457,United Kingdom,England	 Wiltshire	 Amesbury Down,M,I2457,Europe (W),R1b1a1b1a1a2c1,I4a																				
I2597,United Kingdom,England	 Wiltshire	 Amesbury Down,M,I2597,Europe (W),R1b1a1b1a1a2c1,U5a2c3a																				
I5377,United Kingdom,England	 London	 Mortlake	 River Thames Skulls,M,I5377,Europe (W),R1b1a1b1a1a2c1,T2b																			
I6777,United Kingdom,England	 Wiltshire	 Wilsford,M,I6777,Europe (W),R1b1a1b1a1a2c1,U4b1b2																				
I7570,United Kingdom,England	 Lincolnshire	 Langtoft,M,I7570,Europe (W),R1b1a1b1a1a2,T2b4+152																				
I22062,United Kingdom,England	 East Riding of Yorkshire	 Thornholme	 Town Pasture,M,I22062,Europe (W),R1b1a1b1a1a2c1,K1a+195																			
I5502,United Kingdom,England	 East Riding of Yorkshire	 Nunburnholme Wold,M,I5502,Europe (W),R1b1a1b1a1a2,H3																				
I14100,United Kingdom,England	 East Riding of Yorkshire	 Pocklington (Burnby Lane),M,I14100,Europe (W),R1b1a1b1a1a2c1,J1c9																				
I12413,United Kingdom,England	 East Riding of Yorkshire	 Pocklington (Burnby Lane),M,I12413,Europe (W),R1b1a1b1a1a2a,H2a3b																				
I13753,United Kingdom,England	 East Riding of Yorkshire	 Pocklington (Burnby Lane),M,I13753,Europe (W),R1b1a1b1a1a2c1a1b,H2a3b																				
I13754,United Kingdom,England	 East Riding of Yorkshire	 Pocklington (Burnby Lane),M,I13754,Europe (W),R1b1a1b1a1a2d1,U5b2b3																				
I13759,United Kingdom,England	 East Riding of Yorkshire	 Pocklington (Burnby Lane),M,I13759,Europe (W),R1b1a1b1a1a2b1,H2a3b																				
I14102,United Kingdom,England	 East Riding of Yorkshire	 Pocklington (Burnby Lane),M,I14102,Europe (W),R1b1a1b1a1a2c1,K1c1a																				
I14104,United Kingdom,England	 East Riding of Yorkshire	 Pocklington (Burnby Lane),M,I14104,Europe (W),R1b1a1b1a1a2c1,H																				
I14105,United Kingdom,England	 East Riding of Yorkshire	 Pocklington (Burnby Lane),M,I14105,Europe (W),R1b1a1b1a1a2,H2a3b																				
I14327,United Kingdom,England	 East Riding of Yorkshire	 Thornholme	 East Coast Pipeline (field 16),M,I14327,Europe (W),R1b1a1b1a1a2a,H5																			
I22060,United Kingdom,England	 East Riding of Yorkshire	 East Coast Pipeline (field 9),M,I22060,Europe (W),R1b1a1b1a1a2c1a1a1a1a,H4a1a3a																				
I22065,United Kingdom,England	 East Riding of Yorkshire	 Burstwick,M,I22065,Europe (W),R1b1a1b1a1a2,H																				
I5505,United Kingdom,England	 East Riding of Yorkshire	 Pocklington (Burnby Lane),M,I5505,Europe (W),R1b1a1b1a1a2c1,V16																				
I5508,United Kingdom,England	 East Riding of Yorkshire	 Pocklington (Burnby Lane),M,I5508,Europe (W),R1b1a1b1a1a2c1,J1c9																				
I27380,United Kingdom,England	 Sussex	 Westbourne	 'Racton Man',M,I27380,Europe (W),R1b1a1b1a1a2c1,H3k1																			
I12935,United Kingdom,England	 Gloucestershire	 Lechlade-on-Thames	 Lechlade Memorial Hall/Skate Park,M,I12935,Europe (W),R1b1a1b1a1a2c1,H1ah2																			
I11149,United Kingdom,England	 Cambridgeshire	 Teversham (Marshall's) Evaluation,M,I11149,Europe (W),R1b1a1b1a1a1c1,V																				
I12783,United Kingdom,England	 Gloucestershire	 Lechlade-on-Thames	 Lechlade Memorial Hall/Skate Park,M,I12783,Europe (W),R1b1a1b1a1a2c1a5,J1c5																			
I13682,United Kingdom,England	 Somerset	 Mells Down	 Kingsdown Camp,M,I13682,Europe (W),R1b1a1b1a1a2,H5a1																			
I17260,United Kingdom,England	 Hampshire	 Stockbridge	 New Buildings,M,I17260,Europe (W),R1b1a1b1a1a2c1,U5a1a2a																			
I27382,United Kingdom,England	 Dorset	 Long Bredy	 Bottle Knap,M,I27382,Europe (W),R1b1a1b1a1a2c1a1a1a1,H1																			
I12774,United Kingdom,England	 Derbyshire	 Brassington	 Carsington Pasture Cave,M,I12774,Europe (W),R1b1a1b1a1a2,H10b																			
I12772,United Kingdom,England	 Cornwall	 Padstow	 St. Merryn	 Harlyn Bay,M,I12772,Europe (W),G2a2b2a1a1b,T2c1d+152																		
I6769,United Kingdom,England	 Cornwall	 Padstow	 St. Merryn	 Harlyn Bay,M,I6769,Europe (W),R1b1a1b1a1a2,H6a1b2																		
6DT3_noUDG.SG,United Kingdom,England	 Yorkshire	 Driffield Terrace,M,6DT3,Europe (W),R1b1a1b1a1a1c1a1,J1b1a1																				
I0160.SG,United Kingdom,England	 South Cambridgeshire	 East Anglia	 Hinxton,M,I0160,Europe (W),R1b1a1b1a1a2c1a5b1a1a,H1ag1																			
I13712,United Kingdom,England	 Kent	 East Kent Access Road,M,I13712,Europe (W),R1b1a1b1a1a2c1,U5b2b3a																				
I13713,United Kingdom,England	 Kent	 East Kent Access Road,M,I13713,Europe (W),R1b1a1b1a1a2c1,H1c																				
I14358,United Kingdom,England	 Kent	 Cliffs End Farm,M,I14358,Europe (W),R1b1a1b1a1a2c1,H3																				
I7576,United Kingdom,England	 Bedfordshire	 Biddenham Loop,M,I7576,Europe (W),R1b1a1b1a1a2c1,J1c2																				
I7629,United Kingdom,England	 Yorkshire	 East Riding	 North Ferriby	 Melton Quarry,M,I7629,Europe (W),R1b1a1b1a1a2c1a,H17																		
I14861,United Kingdom,England	 Kent	 Cliffs End Farm,M,I14861,Europe (W),R1b1a1b1a1a2,V																				
I13711,United Kingdom,England	 Kent	 East Kent Access Road,M,I13711,Europe (W),R1b1a1b1a1a2c1,H61																				
I11142,United Kingdom,England	 Somerset	 Worlebury,M,I11142,Europe (W),R1b1a1b1a1a2c1a6a1,H3b+16129																				
I11144,United Kingdom,England	 Somerset	 North Perrott	 North Perrott Manor,M,I11144,Europe (W),R1b1a1b1a1a2c1a1i3,H5'36																			
I11145,United Kingdom,England	 Somerset	 North Perrott	 North Perrott Manor,M,I11145,Europe (W),R1b1a1b1a1a2c1,H1q																			
I12785,United Kingdom,England	 Gloucestershire	 Bourton-on-the-water	 Greystones Farm,M,I12785,Europe (W),R1b1a1b1a1a2c1a5,J1c1b2																			
I12791,United Kingdom,England	 Gloucestershire	 Bourton-on-the-water	 Greystones Farm,M,I12791,Europe (W),I2a1a1a1a1,H1e1a																			
I12927,United Kingdom,England	 Gloucestershire	 Bishop's Cleeve	 Cleevelands,M,I12927,Europe (W),R1b1a1b1a1a2c1a6a1,U5b3b1																			
I21302,United Kingdom,England	 South Somerset	 South Cadbury,M,I21302,Europe (W),R1b1a1b1a1a2c1,K1a+195																				
I27379,United Kingdom,England	 Sussex	 North Bersted,M,I27379,Europe (W),R1b1a1b1a1a2c1,H7d																				
I13714,United Kingdom,England	 Kent	 East Kent Access Road,M,I13714,Europe (W),R1b1a1b1a1a2c1b1,H1c8																				
I19857,United Kingdom,England	 Wiltshire	 Rowbarrow,M,I19857,Europe (W),R1b1a1b1a1a2a2a,J2b1a																				
I19858,United Kingdom,England	 Wiltshire	 Rowbarrow,M,I19858,Europe (W),R1b1a1b1a1a2c1,J2b1a																				
I19859,United Kingdom,England	 Wiltshire	 Rowbarrow,M,I19859,Europe (W),I2a1b2,H3																				
I7571,United Kingdom,England	 Needingworth Quarry	 Over Narrows,M,I7571,Europe (W),R1b1a1b1a1a2,J1c1																				
I7575,United Kingdom,England	 Bedfordshire	 Biddenham Loop,M,I7575,Europe (W),R1b1a1b1a1a2c1,U5a1d1																				
I7577,United Kingdom,England	 Bedfordshire	 Biddenham Loop,M,I7577,Europe (W),R1b1a1b1a1a2c1,U5a1a1																				
I7640,United Kingdom,England	 Cambridgeshire	 Trumpington	 Clay Farm,M,I7640,Europe (W),R1b1a1b1a1a2c1,U5a2c2																			
I11150,United Kingdom,England	 Bedfordshire	 Broom Quarry,M,I11150,Europe (W),R1b1a1b1a1a2c1,H15a1																				
I11151,United Kingdom,England	 Bedfordshire	 Broom Quarry,M,I11151,Europe (W),R1b1a1b1a1a2c1,K1a+195																				
I11153,United Kingdom,England	 Cambridgeshire	 Trumpington Meadows,M,I11153,Europe (W),R1b1a1b1a1a2c1a5c2,H3b																				
I11156,United Kingdom,England	 Cambridgeshire	 Whittlesey	 Bradley Fen,M,I11156,Europe (W),R1b1a1b1a1a2c1a5,J1c3																			
I11997,United Kingdom,England	 Cambridgeshire	 Whittlesey	 Bradley Fen,M,I11997,Europe (W),R1b1a1b1a1a2c1b2a1a1a,X2b+226																			
I12771,United Kingdom,England	 Derbyshire	 Brassington	 Carsington Pasture Cave,M,I12771,Europe (W),R1b1a1b1a1a2a,U5b2a2a																			
I12775,United Kingdom,England	 Derbyshire	 Brassington	 Carsington Pasture Cave,M,I12775,Europe (W),R1b1a1b1a1a2c1a5,U5a1b1e																			
I12778,United Kingdom,England	 Derbyshire	 Brassington	 Carsington Pasture Cave,M,I12778,Europe (W),R1b1a1b1a1a2c1a5b1a1a,H4a1a2																			
I13728,United Kingdom,England	 Cambridgeshire	 Trumpington Meadows,M,I13728,Europe (W),R1b1a1b1a1a2,T2a1a																				
I13730,United Kingdom,England	 Kent	 East Kent Access Road,M,I13730,Europe (W),R1b1a1b1a1a2c1a2a,H1bb																				
I13731,United Kingdom,England	 Kent	 East Kent Access Road,M,I13731,Europe (W),R1b1a1b1a1a2c1,U5a1a1g																				
I14347,United Kingdom,England	 West Yorkshire	 Wattle Syke,M,I14347,Europe (W),R1b1a1b1a1a2c1a1a1a1,K2a																				
I14380,United Kingdom,England	 Kent	 Cliffs End Farm,M,I14380,Europe (W),R1b1a1b1a1a2c1,T2e1																				
I14800,United Kingdom,England	 Oxfordshire	 Thame,M,I14800,Europe (W),R1b1a1b1a1a2c1,J2b1																				
I14859,United Kingdom,England	 Kent	 Cliffs End Farm,M,I14859,Europe (W),R1b1a1b1a1a2,H7d3																				
I14866,United Kingdom,England	 Kent	 Cliffs End Farm,M,I14866,Europe (W),I2a1b1a1a1,H1at1																				
I16592,United Kingdom,England	 Somerset	 Christon	 Dibbles Farm,M,I16592,Europe (W),R1b1a1b1a1a2c1a6,U5a1b1e																			
I17016,United Kingdom,England	 Somerset	 Christon	 Dibbles Farm,M,I17016,Europe (W),R1b1a1b1a1a2c1,U2e1a1																			
I17261,United Kingdom,England	 Hampshire	 Middle Wallop	 Suddern Farm,M,I17261,Europe (W),R1b1a1b1a1a2c1,R0a																			
I19044,United Kingdom,England	 Cambridgeshire	 Marshall's Jaguar Land Rover New Showroom (JLU15),M,I19044,Europe (W),R1b1a1b1a1a2c1,K1a+195																				
I19873,United Kingdom,England	 Kent	 East Kent Access Road,M,I19873,Europe (W),R1b1a1b1a1a2b1c1b,U5b2b																				
I19909,United Kingdom,England	 Kent	 East Kent Access Road,M,I19909,Europe (W),R1b1a1b1a1a2c1,T1a1+@152																				
I19911,United Kingdom,England	 Kent	 East Kent Access Road,M,I19911,Europe (W),R1b1a1b1a1a2c1,K1a4a1																				
I20586,United Kingdom,England	 Oxfordshire	 Yarnton,M,I20586,Europe (W),R1b1a1b1a1a2c1,J2b1a																				
I20587,United Kingdom,England	 Oxfordshire	 Yarnton,M,I20587,Europe (W),R1b1a1b1a1a2c1,K1a2a																				
I20588,United Kingdom,England	 Oxfordshire	 Yarnton,M,I20588,Europe (W),G2a2b2a1a1b,V																				
I20589,United Kingdom,England	 Oxfordshire	 Yarnton,M,I20589,Europe (W),R1b1a1b1a1a2b1c1a1a1,V																				
I21180,United Kingdom,England	 Oxfordshire	 Yarnton,M,I21180,Europe (W),R1b1a1b1a1a2c1,H7a1																				
I21181,United Kingdom,England	 Oxfordshire	 Yarnton,M,I21181,Europe (W),R1b1a1b1a1a2c1a1k,H3																				
I21182,United Kingdom,England	 Oxfordshire	 Yarnton,M,I21182,Europe (W),R1b1a1b1a1a2c1,J1c2																				
I20583,United Kingdom,England	 Oxfordshire	 Stanton Harcourt	 Gravelly Guy,M,I20583,Europe (W),R1b1a1b1a1a2c1,K1a4a1																			
I11143,United Kingdom,England	 Somerset	 Worlebury,M,I11143,Europe (W),R1b1a1b1a1a2a,H3b+16129																				
I11152,United Kingdom,England	 Cambridgeshire	 Over,M,I11152,Europe (W),G2a2b2a1a1b1a1a2b,U3a1																				
I11991,United Kingdom,England	 Somerset	 Worlebury,M,I11991,Europe (W),R1b1a1b1a1a2c1,H3b+16129																				
I11992,United Kingdom,England	 Somerset	 Worlebury,M,I11992,Europe (W),R1b1a1b1a1a2c1,H3b+16129																				
I12793,United Kingdom,England	 Cornwall	 Newquay	 Tregunnel,M,I12793,Europe (W),R1b1a1b1a1a2c1,H2a1																			
I12926,United Kingdom,England	 Gloucestershire	 Fairford	 Saxon Way,M,I12926,Europe (W),R1b1a1b1a1a2c1,H2a2a2																			
I13726,United Kingdom,England	 Somerset	 Worlebury,M,I13726,Europe (W),R1b1a1b1a1a2c1,H13a1a1																				
I14353,United Kingdom,England	 West Yorkshire	 Wattle Syke,M,I14353,Europe (W),R1b1a1b1a1a2c1,U5b2a1a1																				
I16450,United Kingdom,England	 Cornwall	 Newquay	 Trethellan Farm,M,I16450,Europe (W),R1b1a1b1a1a2a,T1a1																			
I17264,United Kingdom,England	 Hampshire	 Nether Wallop	 Danebury,M,I17264,Europe (W),R1b1a1b1a1a2c1,U2e1f1																			
I20622,United Kingdom,England	 Derbyshire	 Fin Cop,M,I20622,Europe (W),I2a1b1a1a1b1a,T2c1d1																				
I20988,United Kingdom,England	 Hampshire	 Nether Wallop	 Danebury,M,I20988,Europe (W),I2a1b1a1a1b1a,T2b19																			
I20989,United Kingdom,England	 Hampshire	 Nether Wallop	 Danebury,M,I20989,Europe (W),R1b1a1b1a1a2,K1c1																			
I21272,United Kingdom,England	 Oxfordshire	 Stanton Harcourt	 Gravelly Guy,M,I21272,Europe (W),R1b1a1b1a1a2c1a5c,V																			
I21307,United Kingdom,England	 Wiltshire	 Battlesbury Bowl,M,I21307,Europe (W),R1b1a1b1a1,H7d																				
I21313,United Kingdom,England	 Wiltshire	 Casterley Camp,M,I21313,Europe (W),R1b1a1b1a1a2,H3g																				
I12440,United Kingdom,England	 Gloucestershire	 Cheltenham	 Hazleton North,M,I12440,Europe (W),I2a1b1a1a1,K2b1																			
I13893,United Kingdom,England	 Gloucestershire	 Cheltenham	 Hazleton North,M,I13893,Europe (W),I2a1b1a1a1,K1a4																			
VK149_noUDG.SG,United Kingdom,England	 Oxford	 St John's College Oxford,M,VK149,Europe (W),I1,H1a1																				
VK167_noUDG.SG,United Kingdom,England	 Oxford	 St John's College Oxford,M,VK167,Europe (W),I1,H4a1a4b																				
VK177_noUDG.SG,United Kingdom,England	 Oxford	 St John's College Oxford,M,VK177,Europe (W),R1b1a1b1a1a2b1,H82																				
VK257_noUDG.SG,United Kingdom,England	 Dorset	 Ridgeway Hill Mass Grave,M,VK257,Europe (W),I1a1b1b~,H5a1c1a																				
VK260_noUDG.SG,United Kingdom,England	 Dorset	 Ridgeway Hill Mass Grave,M,VK260,Europe (W),Q1b2b1~,H1e1a																				
VK264_noUDG.SG,United Kingdom,England	 Dorset	 Ridgeway Hill Mass Grave,M,VK264,Europe (W),R1a1a1,N1a1a1a2																				
VK485_noUDG.SG,Estonia,Saaremaa	 Salme,M,VK485,Europe (E),I1a2a1a1d1a,H16																					
VK482_noUDG.SG,Estonia,Saaremaa	 Salme,M,VK482,Europe (E),I1,H1a																					
VK484_noUDG.SG,Estonia,Saaremaa	 Salme,M,VK484,Europe (E),R1a1a1b1a2b3a,H6a1a																					
VK486_noUDG.SG,Estonia,Saaremaa	 Salme,M,VK486,Europe (E),R1a1a1b1a2b3a,U4a2a																					
VK488_noUDG.SG,Estonia,Saaremaa	 Salme,M,VK488,Europe (E),I1a1b1,H5c																					
VK491_noUDG.SG,Estonia,Saaremaa	 Salme,M,VK491,Europe (E),I1a2a1a1d1a1a,H6a1a																					
VK492_noUDG.SG,Estonia,Saaremaa	 Salme,M,VK492,Europe (E),I1a2a1a1d1a,H1b5																					
VK495_noUDG.SG,Estonia,Saaremaa	 Salme,M,VK495,Europe (E),I1a,H1b																					
VK498_noUDG.SG,Estonia,Saaremaa	 Salme,M,VK498,Europe (E),R1a1a1b1a3a2a1,H1q																					
VK504_noUDG.SG,Estonia,Saaremaa	 Salme,M,VK504,Europe (E),N1a1a1a1a1a,H28a																					
VK507_noUDG.SG,Estonia,Saaremaa	 Salme,M,VK507,Europe (E),I1a1b1,HV6																					
VK509_noUDG.SG,Estonia,Saaremaa	 Salme,M,VK509,Europe (E),I1a1b1,H1n+146																					
VK511_noUDG.SG,Estonia,Saaremaa	 Salme,M,VK511,Europe (E),I1a1b1a1,T2a1a																					
VK512_noUDG.SG,Estonia,Saaremaa	 Salme,M,VK512,Europe (E),N1a1a1a1a1a1a,H2a2b1																					
VK549_noUDG.SG,Estonia,Saaremaa	 Salme,M,VK549,Europe (E),I1a1b1,T2b5a																					
VK550_noUDG.SG,Estonia,Saaremaa	 Salme,M,VK550,Europe (E),N1a1a1a1a1a1a1b,V																					
VK551_noUDG.SG,Estonia,Saaremaa	 Salme,M,VK551,Europe (E),R1a1a1b1a3a1,J2a1a1a2																					
VK552_noUDG.SG,Estonia,Saaremaa	 Salme,M,VK552,Europe (E),I1a2a1a1d,H10e																					
VK553_noUDG.SG,Estonia,Saaremaa	 Salme,M,VK553,Europe (E),I1a1b1,K1c1h																					
VK238_noUDG.SG,Faroes,Faroes	 Church2,M,VK238,Europe (N),R1a1a1b1a3a2a,H3a1a																					
VK239_noUDG.SG,Faroes,Faroes	 Church2,M,VK239,Europe (N),R1b1a1b,H5																					
VK27_noUDG.SG,Faroes,Faroes	 Church2,M,VK27,Europe (N),R1b1a1b1a1a2c1a2,U5a1g1																					
VK24_noUDG.SG,Faroes,Faroes	 Hvalba,M,VK24,Europe (N),R1b1a1b1a1,J1b1a1a																					
LBR001,France,Alpes-Maritimes	 Les BrÃ©guiÃ¨res,M,LBR001,Europe (W),I2a1b1a1b,H1																					
LBR002,France,Alpes-Maritimes	 Les BrÃ©guiÃ¨res,M,LBR002,Europe (W),I2a1b1a1b,U5b2b3																					
FLR001,France,Calvados	 Fleury-sur-Orne,M,FLR001,Europe (W),H2,U5b2b3a																					
FLR004,France,Calvados	 Fleury-sur-Orne,M,FLR004,Europe (W),H2,K1b1																					
FLR005,France,Calvados	 Fleury-sur-Orne,M,FLR005,Europe (W),G2a2a1,J1c1b1																					
FLR010,France,Calvados	 Fleury-sur-Orne,M,FLR010,Europe (W),G2a2a,T2c1d+152																					
"GRG008;France;""France	 Yonne	"" Gurgy """"""""les Noisats"""""""" Family A (12 members) (we detect 21 2d/3d relative pairs: GRG008-GRG018""	 GRG023-GRG027	 GRG021-GRG027	 GRG018-GRG027	 GRG023-GRG035	 GRG016-GRG023	 GRG016-GRG025	 GRG016-GRG035	 GRG016-GRG041	 GRG015-GRG041	 GRG008-GRG041	 GRG018-GRG041	 GRG021-GRG041	 GRG023-GRG041	 GRG027-GRG041	 GRG035-GRG041	 GRG057-GRG041	 GRG057-GRG008	 GRG057-GRG018	 GRG057-GRG021	"" GRG057-GRG027)""""",M,GRG008,Europe (W),G2a2b2a1,"U5b1+16189+@16192""",,
"GRG022;France;""Yonne	"" Gurgy """"""""les Noisats""""""""""""",M,GRG022,Europe (W),H2,"K1a1b1""																					",,
"GRG023;France;""France	 Yonne	"" Gurgy """"""""les Noisats"""""""" Family A (12 members) (we detect 21 2d/3d relative pairs: GRG008-GRG018""	 GRG023-GRG027	 GRG021-GRG027	 GRG018-GRG027	 GRG023-GRG035	 GRG016-GRG023	 GRG016-GRG025	 GRG016-GRG035	 GRG016-GRG041	 GRG015-GRG041	 GRG008-GRG041	 GRG018-GRG041	 GRG021-GRG041	 GRG023-GRG041	 GRG027-GRG041	 GRG035-GRG041	 GRG057-GRG041	 GRG057-GRG008	 GRG057-GRG018	 GRG057-GRG021	"" GRG057-GRG027)""""",M,GRG023,Europe (W),G2a2b2a,"J2b1a""",,
"GRG047;France;""France	 Yonne	"" Gurgy """"""""les Noisats"""""""" Family A (2 members) (GRG047-GRG056 are 2d/3d rels)""""",M,GRG047,Europe (W),G2a2b2a1,"U8b1b""																				",,
IND003.A_noUDG,Germany,North Rhine-Westphalia	 Alt-Inden,M,IND003,Europe (W),R1b1a2a1a2,T2b																					
IND006.A_noUDG,Germany,North Rhine-Westphalia	 Alt-Inden,M,IND006,Europe (W),I2a2a1b2,H13a1a																					
IND010.A_noUDG,Germany,North Rhine-Westphalia	 Alt-Inden,M,IND010,Europe (W),R1a1a,H8c																					
IND011.A_noUDG,Germany,North Rhine-Westphalia	 Alt-Inden,M,IND011,Europe (W),R1b1a2a1a2,U5b1																					
IND013.A_noUDG,Germany,North Rhine-Westphalia	 Alt-Inden,M,IND013,Europe (W),R1b1a2a1a2c1,H3b1b1																					
IND014.A_noUDG,Germany,North Rhine-Westphalia	 Alt-Inden,M,IND014,Europe (W),R1b1a2a2c1a1a,T2																					
IND015.A_noUDG,Germany,North Rhine-Westphalia	 Alt-Inden,M,IND015,Europe (W),G2a2,H3h3 (?)																					
IND008.A_noUDG,Germany,North Rhine-Westphalia	 Alt-Inden,M,IND008,Europe (W),G2a2b2a1a1b1a2a1a,H2a2																					
IND009.A_noUDG,Germany,North Rhine-Westphalia	 Alt-Inden,M,IND009,Europe (W),E1b1b1a1b1a,R0a (?)																					
ADN002_noUDG,Germany,Lower Saxony	 Anderten,M,ADN002,Europe (W),R1b1a2a1a1c2b2a1a1,U5a2c3a																					
ADN004_noUDG,Germany,Lower Saxony	 Anderten,M,ADN004,Europe (W),R1b1a2a1a1c2b2b1a2,H5e1																					
ADN008_noUDG,Germany,Lower Saxony	 Anderten,M,ADN008,Europe (W),I1,H3af																					
ADN010_noUDG,Germany,Lower Saxony	 Anderten,M,ADN010,Europe (W),J2b2a1a1,H2a2a1																					
ADN001_noUDG,Germany,Lower Saxony	 Anderten,M,ADN001,Europe (W),J2b2a1a1,H56																					
ADN013_noUDG,Germany,Lower Saxony	 Anderten,M,ADN013,Europe (W),I2a2a1b2a1,H1a1c																					
DUN002.A_noUDG,Germany,Lower Saxony	 Dunum,M,DUN002,Europe (W),R1b1a2a1a,H1																					
DUN005.A_noUDG,Germany,Lower Saxony	 Dunum,M,DUN005,Europe (W),I1a1b,X																					
DUN012.A_noUDG,Germany,Lower Saxony	 Dunum,M,DUN012,Europe (W),I2a2,..																					
HID003_noUDG,Germany,Lower Saxony	 Hiddestorf,M,HID003,Europe (W),R1b1a2a1a,T2b3+151																					
WEHR_1192SkA,Germany,Wehringen - Hochfeld,M,WEHR_1192SkA,Europe (W),R1b1a2a1a2,K1a4a1																						
AITI_36_noUDG,Germany,Kleinaitingen - Gewerbegebiet Nord,M,AITI_36,Europe (W),BT,J1c2c2																						
AITI_50_noUDG,Germany,Kleinaitingen - Gewerbegebiet Nord,M,AITI_50,Europe (W),R1b1a2a1a,J1c3																						
POST_50,Germany,Haunstetten - PostillionstraÃŸe,M,POST_50,Europe (W),R1b1a2a1a2,T1a1																						
WEHR_1415child,Germany,Wehringen - Hochfeld,M,WEHR_1415child,Europe (W),R1b1a2a1a,H13a2b2a																						
SWG001.A,Germany,Schleswig-Holstein	 Schleswig,M,SWG001,Europe (W),R1b1a2a1a1,U5a1b1																					
SWG007.A_noUDG,Germany,Schleswig-Holstein	 Schleswig,M,SWG007,Europe (W),I1a3a2b,H1a1																					
SWG008.A_noUDG,Germany,Schleswig-Holstein	 Schleswig,M,SWG008,Europe (W),I1a2,H5a1c1a																					
SWG009.A_noUDG,Germany,Schleswig-Holstein	 Schleswig,M,SWG009,Europe (W),NO,H2a2a1c																					
SWG013.A,Germany,Schleswig-Holstein	 Schleswig,M,SWG013,Europe (W),R1b1a2a1a1c2b2a1a1a1,U8a1b																					
SWG014.A,Germany,Schleswig-Holstein	 Schleswig,M,SWG014,Europe (W),R1b1a2a1a,H11a																					
VK186_noUDG.SG,Greenland,Eastern Settlement	 64,M,VK186,Europe (N),I1,H1ao																					
ALG001_noUDG,Guadeloupe,Pointe de Chateaux peninsula	 Anse aÌ€ la Gourde,M,ALG001,America (C),Q1b1a1a,D1																					
VK101_noUDG.SG,Iceland,Hofstadir,M,VK101,Europe (N),R1b1a1b1a1a2d1a1,U5b1g																						
VK225_noUDG.SG,Iceland,Hofstadir,M,VK225,Europe (N),R1a1a1b1a3a2b,H3v+16093																						
I1949,Iran,Ganj Dareh,M,I1949,Middle East,CT,R2b																						
rath2_noUDG.SG,Ireland,Rathlin Island	  County Antrim,M,rath2,Europe (W),R1b1a1b1a1a2c1a5c,U5b2a2																					
rath3_noUDG.SG,Ireland,Rathlin Island	  County Antrim,M,rath3,Europe (W),R1b1a1b1a1a2c1,J2b1a																					
PN112.SG,Ireland,Ireland	 Clare	 Poulnabrone,M,PN112,Europe (W),I2a1b1a1a1,U5b2b																				
PN05.SG,Ireland,Ireland	 Clare	 Poulnabrone,M,PN05,Europe (W),I2a1b1a1a1b,K1a+195																				
KIL012.A_noUDG,Ireland,Roscommon	 Kilteasheen,M,KIL012,Europe (W),R1b1a2a1a2c,V3																					
KIL017.A_noUDG,Ireland,Roscommon	 Kilteasheen,M,KIL017,Europe (W),R,H1o																					
KIL026.B_noUDG,Ireland,Roscommon	 Kilteasheen,M,KIL026,Europe (W),R1b1a2a1a2c1b2c1a1,T2b																					
KIL027.B_noUDG,Ireland,Roscommon	 Kilteasheen,M,KIL027,Europe (W),R1b1a2a1a2a1a2,H7a1b																					
KIL034.A_noUDG,Ireland,Roscommon	 Kilteasheen,M,KIL034,Europe (W),R1b1a2a1a2c1,H3ao																					
KIL035.B_noUDG,Ireland,Roscommon	 Kilteasheen,M,KIL035,Europe (W),R1b1a2a1a2,H1b																					
KIL037.A_noUDG,Ireland,Roscommon	 Kilteasheen,M,KIL037,Europe (W),R1b1a2a1a2c1a1a1a1a1,H13a1a																					
KIL038.A_noUDG,Ireland,Roscommon	 Kilteasheen,M,KIL038,Europe (W),R1b1a2a1a,I4a																					
KIL044.B_noUDG,Ireland,Roscommon	 Kilteasheen,M,KIL044,Europe (W),R1b1a2a1a2c1a1a1a1a1a,U5b2c2b																					
KIL045.B_noUDG,Ireland,Roscommon	 Kilteasheen,M,KIL045,Europe (W),R1b1a2a1a,U5a1g																					
KIL030.A_noUDG,Ireland,Roscommon	 Kilteasheen,M,KIL030,Europe (W),R1b1a2a1a,U5a1a1																					
CAK532.SG,Ireland,Ireland	 Sligo	 Carrowkeel,M,CAK532,Europe (W),I2a1b1a1a1,J1c3																				
car004_noUDG.SG,Ireland,Carrowmore,M,car004,Europe (W),I2a1b1a,T2c1d1																						
prs010_noUDG.SG,Ireland,Primrose Grange,M,prs010,Europe (W),I2a1b1a1a,K1a+195																						
prs016_noUDG.SG,Ireland,Primrose Grange,M,prs016,Europe (W),I2a1b1a1a1,K1a4a1																						
prs018_noUDG.SG,Ireland,Primrose Grange,M,prs018,Europe (W),I2a1a2,K1a+195																						
SRA62.SG,Ireland,Ireland	 Leitrim	 Sramore,M,SRA62,Europe (W),I2a1b2,U5a2d																				
JP14.SG,Ireland,Ireland	 Kilkenny	 Jerpoint West,M,JP14,Europe (W),HIJK,T2c1d1																				
ANN1.SG,Ireland,Ireland	 Limerick	 Annagh,M,ANN1,Europe (W),I2a1b1a1a1b,K1a+195																				
ANN2.SG,Ireland,Ireland	 Limerick	 Annagh,M,ANN2,Europe (W),I2a1b1a1a,H4a1a1																				
ASH1.SG,Ireland,Ireland	 Tipperary	 Ashleypark,M,ASH1,Europe (W),I2a1b1a1a1b,K2a9																				
CH448.SG,Ireland,Ireland	 Cavan	 Cohaw,M,CH448,Europe (W),I2a1a2,H1																				
GNM1007.SG,Ireland,Ireland	 Mayo	 Glennamong,M,GNM1007,Europe (W),I2a1b1a1a1,K1a+195																				
MB6.SG,Ireland,Ireland	 Down	 Millin Bay	 Keentagh Td.,M,MB6,Europe (W),I2a1b1a1a1,J1c3																			
NG10.SG,Ireland,Newgrange,M,NG10,Europe (W),I2a1b1a1a1,U5b1+16189+16192																						
PB2031.SG,Ireland,Ireland	 Clare	 Parknabinnia,M,PB2031,Europe (W),I2a1a1b,K1a2b																				
PB443.SG,Ireland,Ireland	 Clare	 Parknabinnia,M,PB443,Europe (W),I2a1a2,K1b1a1																				
PB581.SG,Ireland,Ireland	 Clare	 Parknabinnia,M,PB581,Europe (W),I2a1b1a1a1,T2b																				
PB672.SG,Ireland,Ireland	 Clare	 Parknabinnia,M,PB672,Europe (W),I2a1a1b,T2c1d+152																				
PB675.SG,Ireland,Ireland	 Clare	 Parknabinnia,M,PB675,Europe (W),I2a1a1b,H1																				
PN03.SG,Ireland,Ireland	 Clare	 Poulnabrone,M,PN03,Europe (W),I2a1b1a1a1,K1a1																				
PN06.SG,Ireland,Ireland	 Clare	 Poulnabrone,M,PN06,Europe (W),I2a1a1b,H																				
PN07.SG,Ireland,Ireland	 Clare	 Poulnabrone,M,PN07,Europe (W),I2a1b1a1a1,U5b1c																				
PN12.SG,Ireland,Ireland	 Clare	 Poulnabrone,M,PN12,Europe (W),I2a1b1a1a1,H																				
VK546_noUDG.SG,Ireland,Dublin	 Islandbridge,M,VK546,Europe (W),R1a1a1b1a3a1,HV6																					
LSC002.SG,Italy,Latino	 Sonnino	 Grotta La Sassa,M,LSC002,Europe (S),J2a7-Z2397,H1bv1																				
CL84,Italy,Piedmont	 Collegno,M,CL84,Europe (S),R1b1a2a1a2c1g1a1,H1t																					
CL93,Italy,Piedmont	 Collegno,M,CL93,Europe (S),R1b1a2a1a,J2b1a																					
CL23,Italy,Piedmont	 Collegno,M,CL23,Europe (S),T1a2b,H																					
CL63,Italy,Piedmont	 Collegno,M,CL63,Europe (S),I1a3,H																					
CL94,Italy,Piedmont	 Collegno,M,CL94,Europe (S),R1b1a1a2a1a2f,K1c1																					
CL121,Italy,Piedmont	 Collegno,M,CL121,Europe (S),R1b1a2a2,T2b																					
CL38,Italy,Piedmont	 Collegno,M,CL38,Europe (S),E1b1b1a1b1a3,X2																					
CL110_noUDG,Italy,Piedmont	 Collegno,M,CL110,Europe (S),R1b1a2a,n/a (<2x)																					
RIP001_noUDG,Italy,Verona	 Stallavena di Grezzana	 Riparo Tagliente,M,RIP001,Europe (S),I2-M436,U2_3_4ï¿½7ï¿½8ï¿½9																				
I6341,Japan,Funadomari,M,I6341,Asia (E),D-F1344,N9b1																						
HYR002,Kenya,Hyrax Hill	 GrJj25,M,HYR002,Africa (E),E1b1b1b2b(E-M293	E-M293),n/a (<2x)																				
LUK001,Kenya,Lukenya Hill	 GvJm 202,M,LUK001,Africa (E),E1b1b1b2b(E-M293	E-CTS10880),n/a (<2x)																				
I6222,Mongolia,Bayankhongor aimag	 Erdenetsogt sum	 Shatar chuluu kurgan 2,M,I6222,Asia (E),R1b1a1b-L773,R																				
I12978,Mongolia,Khovd	 Bulgan sum	 Yagshiin hodoo barrow 1	 bone find B,M,I12978,Asia (E),R1b1a1b-M269,C4+152																			
I12977,Mongolia,Bayan-Ulgii aimag	 Ulaankhus sum	 Kulala Ula barrow 1	 secondary burial,M,I12977,Asia (E),C2a1a1-Z18161,D4b1																			
I6224,Mongolia,Uvs aimag	 Ulaangom sum	 Chandman Uul	 Ulaangom cemetery Grave #33	 Burial 3,M,I6224,Asia (E),R1a1a1b2a2-Z2121,T2b34																		
I6225,Mongolia,Uvs aimag	 Ulaangom sum	 Chandman Uul	 Ulaangom cemetery Grave #33	 Burial 5,M,I6225,Asia (E),R1a1a1-CTS4259,T2b34																		
I6231,Mongolia,Uvs aimag	 Ulaangom sum	 Chandman Uul	 Ulaangom cemetery Grave #47	 Burial 3,M,I6231,Asia (E),Q1b1a3a1-L332,F1b1b																		
I6233,Mongolia,Uvs aimag	 Ulaangom sum	 Chandman Uul	 Ulaangom cemetery	 Grave #49	 Burial 1,M,I6233,Asia (E),R1a1a1b2a2-Z2121,F1b1+@152																	
I6356,Mongolia,Uvs aimag	 Ulaangom sum	 Chandman Uul	 Ulaangom cemetery	 Grave #58	 Burial 2,M,I6356,Asia (E),Q1b1a3b-SK1944,C4a1a3																	
I7022,Mongolia,Uvs aimag	 Ulaangom sum	 Chandman Uul	 Ulaangom cemetery Grave #11	 Burial 7,M,I7022,Asia (E),Q1a2a-F4793,C4a1a+195																		
I7027,Mongolia,Uvs aimag	 Ulaangom sum	 Chandman Uul	 Ulaangom cemetery Grave #45	 Burial 2,M,I7027,Asia (E),R1a1a1b2a-F3105,T1a1																		
I7030,Mongolia,Uvs aimag	 Ulaangom sum	 Chandman Uul	 Ulaangom cemetery Grave #56 ,M,I7030,Asia (E),R1a1a1b2a-Z95,D4b1a2a1																			
I12969,Mongolia,Khentii	 Delgerkhaan sum	 Khanan 3,M,I12969,Asia (E),Q1a1a-Z19198,F1b1+@152																				
I6352,Mongolia,Uvurkhangai	 Khujirt sum	 Shunkhlai Uul	 Grave #1,M,I6352,Asia (E),Q1a1a-F745,F1b1b																			
I6353,Mongolia,Uvurkhangai	 Khujirt sum	 Shunkhlai Uul	 Tomb 9,M,I6353,Asia (E),Q1a1a-F1340,G2b2																			
I6365,Mongolia,Khuvsgul aimag	 Burentogtoh sum	 Uushigiin uvur	 Slab Burial 1,M,I6365,Asia (E),N1a1a1a1a-M1999,D4o1																			
I13175,Mongolia,Khovd	 Bulgan sum	 Uliastai deed denj II kurgan 1 burial 1 (secondary),M,I13175,Asia (E),R1b2b-BY14575,D4b1a2a																				
I13766,Mongolia,Bayankhongor aimag	 Erdentsogt sum,M,I13766,Asia (E),Q1b1a3a-Y20260,C5b1b																					
I13767,Mongolia,Bayankhongor aimag	 Ulziit soum	 Khar Sair am,M,I13767,Asia (E),Q1b1a3-L334,R1b1																				
I13505,Mongolia,Bayankongor aimag	 Erdenetsogt sum,M,I13505,Asia (E),Q1a1a-F5129,A+152+16362																					
I13174,Mongolia,Khovd	 Munkhkhairkhan sum	 Khukh tolgoi barrow 9 ,M,I13174,Asia (E),Q1b1a3-L334,U5a2																				
I6363,Mongolia,Khovd	 Bulgan sum	 Khudzrtyn gol II	 barrow 1	 burial 4 (main burial),M,I6363,Asia (E),R1a1a1b2a-Z95,U2e1h																		
I7033,Mongolia,Uvs aimag	 Ulaangom sum	 Chandman uul	 Ulaangom cemetery kurgan 59,M,I7033,Asia (E),R1a1a1b2a-Z95,R																			
I12972,Mongolia,SÃ¼khbaatar aimag	 Tuvshinshiree sum	 Adgiin gol Tomb 21,M,I12972,Asia (E),Q1a1a-Y683.2,D4i																				
I12955,Mongolia,Zavkhan	 Bayantes sum	 Khukh Khushoony bom	 Barrow 3,M,I12955,Asia (E),N1a1a1-CTS7728,D4i																			
I6348,Mongolia,Bulgan	 Khutag-Undur sum	 Haruulyn Gozgor tomb 1-113,M,I6348,Asia (E),Q1b1a3-L334,HV12b1																				
I11697,Mongolia,Bulgan	 Khutag-Undur sum	 Marzyn khutul	 Tomb 1-055-1	 skeleton 4,M,I11697,Asia (E),C2a1a1-Z18161,D4j8																		
I11698,Mongolia,Bulgan	 Khutag-Undur sum	 Marzyn khutul	 Tomb 1-055-1	 skeleton 2,M,I11698,Asia (E),C2a1a1-Z18161,D4b1c																		
GRO008.A,Netherlands,Groningen,M,GRO008,Europe (W),R1b1a2a1a1e,J2b1a3																						
GRO013.A,Netherlands,Groningen,M,GRO013,Europe (W),R1b1a2a1a1c,T1a1b																						
GRO019.A_noUDG,Netherlands,Groningen,M,GRO019,Europe (W),I2a2a1b,K1a4d																						
GRO023.A,Netherlands,Groningen,M,GRO023,Europe (W),R1b1a2a1a1c2b1b,T2b8																						
GRO024.A,Netherlands,Groningen,M,GRO024,Europe (W),R1b1a2a1a2a1,H3b7																						
GRO016.A_noUDG,Netherlands,Groningen,M,GRO016,Europe (W),R1b1a2a1a1c2b2a1,J2a1a1a2																						
GRO005.A_noUDG,Netherlands,Groningen,M,GRO005,Europe (W),R1b1a2a1a2,U5b1b1																						
VK116_noUDG.SG,Norway,Nor Mid	 Trondheim,M,VK116,Europe (N),F,U6a3																					
VK422_noUDG.SG,Norway,Nor South	 Hedmark,M,VK422,Europe (N),R1a1a1b1a3a2,J1b1a1a																					
VK529_noUDG.SG,Norway,Nor North	 Nordland,M,VK529,Europe (N),I1a1b1a4a2,H7																					
PDI011,Puerto Rico,Vega Baja	 Paso del Indio,M,PDI011,America (C),Q1b1a1a1,C1d1																					
PDI012013,Puerto Rico,Vega Baja	 Paso del Indio,M,PDI012013,America (C),Q1b1a1a1,A2 +64																					
irk025_noUDG.SG,Russia,Siberian Federal District	 Cis-Baikal	 Angara River	 Sukhaja Pad' Buret' site,M,irk025,Asia (E),Q1a2a,A																			
irk036_noUDG.SG,Russia,Siberian Federal District	 Cis-Baikal	 Angara River	 Glazkovo site,M,irk036,Asia (E),Q1a2a,F1b1b																			
I3356,Russia,Primorsky Krai	 Boisman-2,M,I3356,Asia (E),C2a1a-F1788,C5b1																					
I1192,Russia,Primorsky Krai	 Boisman-2,M,I1192,Asia (E),C2a1-F3914,B4d1'2'3																					
I2051,Russia,North Caucasus	 Marchenkova Gora,M,I2051,Europe (E),J,H6a1a																					
I1202,Russia,Pospelovo 1	 Primorsky Krai,M,I1202,Asia (E),N1a-F1206,C5b																					
kra001_noUDG.SG,Russia,Siberian Federal District	 Krasnoyarsk Krai	 Krasnoyarsk Krai	 Nefteprovod-2 site,M,kra001,Asia (E),N1c1a1a,C4b																			
irk075_noUDG.SG,Russia,Siberian Federal District	 Cis-Baikal	 Lake Baikal	 complex 1	 Sokhter site,M,irk075,Asia (E),Q1a2a,D4j12																		
irk068_noUDG.SG,Russia,Siberian Federal District	 Cis-Baikal	 Lena River	 Shishkino N 1,M,irk068,Asia (E),Q1a2a,F1b1b																			
irk007_noUDG.SG,Russia,Siberian Federal District	 Cis-Baikal	 Lena River	 Popovskij Lug site,M,irk007,Asia (E),N1c2b2,F1b																			
KPT004,Russia,Siberia	 Upper Lena river	 Khaptsagai,M,KPT004,Asia (E),Q1a,A+152+16362+16189																				
KAG001,Russia,Siberia	 Lena river	 Kachug,M,KAG001,Asia (E),BT,A8a																				
VK18_noUDG.SG,Russia,Ladoga,M,VK18,Europe (E),R1a1a1b1a3a,H1b1																						
VK22_noUDG.SG,Russia,Ladoga,M,VK22,Europe (E),I,T2b																						
VK221_noUDG.SG,Russia,Ladoga,M,VK221,Europe (E),I1a1b1,K1d																						
VK223_noUDG.SG,Russia,Gnezdovo,M,VK223,Europe (E),I1a,H13a1a1c																						
I5515,United Kingdom,Scotland	 Fife	 cist3	 Dunfermline	 Aberdour Road,M,I5515,Europe (W),R1b1a1b1a1a2c1,H3+16311																		
I2860,United Kingdom,Scotland	 Covesea Cave 2,M,I2860,Europe (W),R1b1a1b1a1a2,H5a1																					
I2799,United Kingdom,Scotland	 Orkney	 Howe of Howe,M,I2799,Europe (W),R1b1a1b1a1a2c1a1a,H1																				
I3567,United Kingdom,Scotland	 Highland	 Applecross,M,I3567,Europe (W),R1b1a1b1a1a2c1,J1c3b																				
I3568,United Kingdom,Scotland	 Highland	 Applecross,M,I3568,Europe (W),R1b1a1b1a1a2c1a4b2b1,H7a1																				
I19286,United Kingdom,Scotland	 Highland	 Embo,M,I19286,Europe (W),I2a1a2,J1c1																				
I2631,United Kingdom,Scotland	 Orkney	 Quoyness,M,I2631,Europe (W),I2a1a2,H5																				
I2650,United Kingdom,Scotland	 Orkney	 Holm of Papa Westray North,M,I2650,Europe (W),I2a1b1a2,T2c1d1																				
I2933,United Kingdom,Scotland	 Orkney	 Isbister,M,I2933,Europe (W),I2a1b1a1a1b,J1c9																				
I2977,United Kingdom,Scotland	 Orkney	 Isbister,M,I2977,Europe (W),I2a1b2,H1																				
I2978,United Kingdom,Scotland	 Orkney	 Isbister,M,I2978,Europe (W),I2a1a2a1a2a,K1b1a1																				
I2979,United Kingdom,Scotland	 Orkney	 Isbister,M,I2979,Europe (W),I2a1a2,K1a+195																				
I3134,United Kingdom,Scotland	 Argyll and Bute	 Oban	 Raschoille Cave,M,I3134,Europe (W),I2a1b1a1a1,T2																			
I2658,United Kingdom,Scotland	 Argyll and Bute	 Oban	 Macarthur Cave,M,I2658,Europe (W),I2a1b1,W1+119																			
I2691,United Kingdom,Scotland	 Distillery Cave,M,I2691,Europe (W),I2a1b1a1a2~,J1c1																					
VK205_noUDG.SG,United Kingdom,Scotland	 Orkney	 Newark Deerness,M,VK205,Europe (W),R1a1a1b1a3a1a3b2~,H3																				
VK202_noUDG.SG,United Kingdom,Scotland	 Orkney	 Buckquoy Birsay,M,I2984,Europe (W),R1b1a1b1a1a2c1a3a2,H1ai1																				
VK204_noUDG.SG,United Kingdom,Scotland	 Orkney	 Newark Deerness,M,VK204,Europe (W),R1b1a1b1a1a1b1a,H1m																				
ALM007,Spain,Murcia	 Pliego	 La Almoloya,M,ALM007,Europe (S),R1b1a1b1a1a2,H1																				
ALM017,Spain,Murcia	 Pliego	 La Almoloya,M,ALM017,Europe (S),R1b1a1b1a1a2a1,T2b21																				
BAS023,Spain,Murcia	 Totana	 La Bastida,M,BAS023,Europe (S),R1b1a1b1a1a2,U5b2b3																				
BAS025,Spain,Murcia	 Totana	 La Bastida,M,BAS025,Europe (S),E1b1b1a1b1,H105a																				
LHO001,Spain,Alicante	 Aspe	 La Horna,M,LHO001,Europe (S),R1b1a1b1a1a2a1,K1a+195																				
ELT002_merged,Spain,Cova de Els Trocs,M,ELT002,Europe (S),I2a1a1,J1c1b																						
ELT006_merged,Spain,Cova de Els Trocs,M,ELT006,Europe (S),I2a1a1,U3a1																						
LAV002,St. Lucia,St. Lucia	 Cas-en-Bas	 Lavoutte site ,M,LAV002,America (C),Q1b1a1a1,A2																				
LAV003,St. Lucia,St. Lucia	 Cas-en-Bas	 Lavoutte site ,M,LAV003,America (C),Q1b1a1a1,A2																				
LAV004,St. Lucia,St. Lucia	 Cas-en-Bas	 Lavoutte site ,M,LAV004,America (C),Q1b1a1a,C1b4																				
VK347_noUDG.SG,Sweden,Oland,M,VK347,Europe (N),I2a1b1,T2b28																						
VK30_noUDG.SG,Sweden,Skara	 Varnhem,M,VK30,Europe (N),R1a1a1,U5b1c2b																					
VK309_noUDG.SG,Sweden,Skara	 Varnhem,M,VK309,Europe (N),R1a1a,K1b1c																					
VK333_noUDG.SG,Sweden,Oland,M,VK333,Europe (N),R1b1a1b1a1a2e,H2a2a1																						
VK34_noUDG.SG,Sweden,Skara	 Varnhem,M,VK34,Europe (N),R1b1a1b1a1a1c2b2a1b1a4b1,HV+16311																					
VK343_noUDG.SG,Sweden,Oland,M,VK343,Europe (N),I1,H3h																						
VK396_noUDG.SG,Sweden,Skara	 Varnhem,M,VK396,Europe (N),R1b1a1b1a1a1c1a1,J1c2t																					
VK398_noUDG.SG,Sweden,Skara	 Varnhem,M,VK398,Europe (N),T1a2b1,H1b1+16362																					
VK40_noUDG.SG,Sweden,Skara	 Varnhem,M,VK40,Europe (N),R1b1a1b1a1a2b1c1b,T1a1																					
VK400_noUDG.SG,Sweden,Skara	 Varnhem,M,VK400,Europe (N),I1a1b,H1+16239																					
VK404_noUDG.SG,Sweden,Skara	 Varnhem,M,VK404,Europe (N),I1a1b,U4a2																					
VK405_noUDG.SG,Sweden,Skara	 Varnhem,M,VK405,Europe (N),R1b1a1b1a1a2c1,K1a10																					
VK424_noUDG.SG,Sweden,Skara	 Varnhem,M,VK424,Europe (N),R1b1a1b1a1a1c2b1,K2b1a1																					
VK444_noUDG.SG,Sweden,Oland,M,VK444,Europe (N),R1b1a1b1a1a1c2b2a1b1b1,K1a																						
VK469_noUDG.SG,Sweden,Gotland	 Kopparsvik,M,VK469,Europe (N),R1b1a1b1a1a1c2b2a1b1a,H3ac																					
VK474_noUDG.SG,Sweden,Gotland	 Kopparsvik,M,VK474,Europe (N),E1b1b1b2a1a4,J1d																					
VK475_noUDG.SG,Sweden,Gotland	 Kopparsvik,M,VK475,Europe (N),R1a1a1b1a2b,H1a																					
VK48_noUDG.SG,Sweden,Gotland	 Kopparsvik,M,VK48,Europe (N),R1a1a1b1a3a1a1a,H10e																					
VK51_noUDG.SG,Sweden,Gotland	 Kopparsvik,M,VK51,Europe (N),N1a1a1a1a1a1a,U5b1e1																					
I3614,Taiwan,Hanben	 Blihun site,M,I3614,Asia (E),O2a2b2-CTS1366,R																					
I1775,United Kingdom,Wales	 North Wales	 Llandudno	 Great Orme,M,I1775,Europe (W),R1b1a1b1a1a2,I3																			
JAG58_noUDG.SG,Croatia,Osijek	 Jagodnjak-Krcevine,M,JAG58,Europe (E),G2a2a1a2a2a1~-Z31430,T2b11																					
JAG78_noUDG.SG,Croatia,Osijek	 Jagodnjak-Krcevine,M,JAG78,Europe (E),G2a2a1a2a2a1~-Z31430,U5b1b1a																					
JAG82_noUDG.SG,Croatia,Osijek	 Jagodnjak-Krcevine,M,JAG82,Europe (E),G2a2a1-PF3148,U2e1a1																					
POP24_noUDG.SG,Croatia,Osijek	 Beli Manastir-Popova zemlja,M,POP24,Europe (E),I2a2a-M223,K1a1a																					
ALA123,Turkey,Hatay	 Tell Atchana (Alalakh),M,ALA123,Europe (S),J2a1a1a2,X2d																					
ALA124,Turkey,Hatay	 Tell Atchana (Alalakh),M,ALA124,Europe (S),J2a1a1a~,..																					
C1704,China,Xinjiang	 Aletai Region	 Habahe  County	 Tuoganbai,M,C1704,Asia (E),R1b1a1a2a2,H2a1																			
C1702,China,Xinjiang	 Aletai Region	 Habahe  County	 Tuoganbai,M,C1702,Asia (E),Q1a2a1c,R1b1																			
C794,China,Xinjiang	 Aletai Region	 Habahe  County	 Habahe,M,C794,Asia (E),Q1b1,U5a1a1																			
C2036,China,Xinjiang	 Aletai Region	 Qinghe  County	 Chaganguole,M,C2036,Asia (E),Q1b,A12																			
C1712,China,Xinjiang	 Aletai Region	 Habahe  County	 Dongtalede,M,C1712,Asia (E),R1b1,D4c2b																			
C4272.SG,China,Xinjiang	 Yili Region	 Chabuchaer  County	 Abusanteer,M,C4272,Asia (E),Q1b1b2a,T1a1																			
C4273.SG,China,Xinjiang	 Yili Region	 Chabuchaer  County	 Abusanteer,M,C4273,Asia (E),L~,C4																			
C3313,China,Xinjiang	 Yili Region	 Nileke  County	 Caishichang,M,C3313,Asia (E),Q1a,U4b1a4																			
C3325,China,Xinjiang	 Yili Region	 Nileke  County	 G218,M,C3325,Asia (E),Q1a2b2,D4j12																			
C785.SG,China,Xinjiang	 Yili Region	 Nileke  County	 Tangbalesayi ,M,C785,Asia (E),R1b1a1a2a2,A8a1																			
C1639,China,Xinjiang	 Yili Region	 Nileke  County	 Wutulan,M,C1639,Asia (E),Q1a2,T2b34																			
C3354.SG,China,Xinjiang	 Yili Region	 Xinyuan  County	 Tielieketesai,M,C3354,Asia (E),J2a1h,HV20																			
C833.SG,China,Xinjiang	 Bayinguoleng Region	 Qiemo  County	 Zhagunluke,M,C833,Asia (E),R1b1~,R2+13500																			
C837,China,Xinjiang	 Bayinguoleng Region	 Qiemo  County	 Zhagunluke,M,C837,Asia (E),R1b1~,HV12																			
KM4_noUDG,Nepal,Manang	 Kyang,M,KM4,Asia (S),O2a2b1a1a6,F1c1a1a																					
KS20_KS25_noUDG,Nepal,Manang	 Kyang,M,KS20_KS25,Asia (S),O2a2b1a1a6,M9a1b1																					
KS9_noUDG,Nepal,Manang	 Kyang,M,KS9,Asia (S),O2a2b1a1a6,M9a1a1c1b1a																					
S143_S173_noUDG,Nepal,Mustang	 Samdzong,M,S143_S173,Asia (S),O2a2b1a1a6,M9a1a1c1b1a																					
S153_S183_noUDG,Nepal,Mustang	 Samdzong,M,S153_S183,Asia (S),O2a2b1a1a6,D4i																					
DER014,Gernamy,Saxony-Anhalt	 Mittelelbe-Saaleregion	 Derenburg-MeerenstiegII,M,DER014,Europe (W),H2,V1a																				
L5213,China,Xinjiang	 Xiaohe,M,L5213,Asia (E),R1b1c,R1b1																					
A1801,Hungary,Danube-Tisza Interfluve	 Budapest-Csepel-KavicsbÃ¡nya,M,A1801,Europe (C),N1a1a1a1a3a2,C4b6																					
A1802,Hungary,Danube-Tisza Interfluve	 KunbÃ¡bony,M,A1802,Europe (C),N1a1a1a1a3a,D4j5a																					
A1808,Hungary,Danube-Tisza Interfluve	 SzalkszentmÃ¡rton - TÃ¡borÃ¡llÃ¡s,M,A1808,Europe (C),N1a1a1a1a,																					
A181015,Hungary,Danube-Tisza Interfluve	 KecskemÃ©t-Mindszenti-dÅ±lÅ‘,M,A181015,Europe (C),I1a2a1a1a1b,U2e1h																					
A181016,Hungary,Danube-Tisza Interfluve	 KecskemÃ©t-Mindszenti-dÅ±lÅ‘,M,A181016,Europe (C),I1a2a1a1a,H1cf																					
A181029,Hungary,North Transdanubia	 ÃrpÃ¡s-DombifÃ¶ld- SzÃ©rÃ¼skert,M,A181029,Europe (C),R1a1a1b2a2b2~,H5																					
A1813,Hungary,Danube-Tisza Interfluve	 KunszÃ¡llÃ¡s-FÃ¼lÃ¶pjakab,M,A1813,Europe (C),N1a1a1a1a3a,C4a1a4																					
A1814,Hungary,Danube-Tisza Interfluve	 KunszÃ¡llÃ¡s-FÃ¼lÃ¶pjakab,M,A1814,Europe (C),N1a1a1a1a3a,T1a1+@152																					
A1815,Hungary,Danube-Tisza Interfluve	 KunszÃ¡llÃ¡s-FÃ¼lÃ¶pjakab,M,A1815,Europe (C),N1a1a1a1a3a,C4a1a4																					
A1820,Hungary,Danube-Tisza Interfluve	 KunpeszÃ©r - FelsÅ‘peszÃ©ri Ãºt,M,A1820,Europe (C),N1a1a1a1a,																					
A1822,Hungary,Danube-Tisza Interfluve	 KunpeszÃ©r - FelsÅ‘peszÃ©ri Ãºt,M,A1822,Europe (C),N1a1a1a1a3a,M7c1b2b																					
A1823,Hungary,Danube-Tisza Interfluve	 KecskemÃ©t-Sallai Ãºt,M,A1823,Europe (C),N1a1a1a1a3a,Y1a1																					
A1824,Hungary,South Transdanubia	 KÃ¶lked -Feketekapu,M,A1824,Europe (C),R1a1a1b1a2a,K1a17a																					
